porosity,atmosphere,gravity,coupling,strength,shape_factor,energy,angle_rad
0.3406951215411615,0.8029564520377472,9.633704121467161,1.2001262752801654,1.398183891930213,1.099902868292263,2.725737485060674,0.7095249921354913
